party,turnout_rate_party,n
Democrat,0.5637878123629987,2281
Independent,0.49278846153846156,416
Republican,0.5527572731220147,2303
