age_group,turnout_rate,n
18-29,0.41605839416058393,822
30-44,0.4527777777777778,1080
45-64,0.5526706231454006,1348
65+,0.6788571428571428,1750
