model,mae,rmse,r2
word2vec_ridge,0.37561991457444477,0.4811741352731301,0.7495820248217271
